Frequency [Hz],Magnitude,Phase [°]
100000,0.030518509475997192,4212900.0
100100,0.04694394892498357,2738828.571428572
100200,0.030518509475997192,4212900.0
100300,0.033627009213800525,3823457.142857143
100400,0.03341240936883959,3848014.2857142864
100500,0.03356605800214823,3830400.0
100600,0.033549166303217366,3832328.5714285714
100700,0.03352105122016626,3835542.8571428577
100800,0.0335042047776996,3837471.428571429
100900,0.03347840642785403,3840428.571428572
101001,0.033448172057397065,3843900.0
101101,0.03341910904655282,3847242.8571428577
101201,0.033399018068868774,3849557.1428571427
101301,0.03337226764558652,3852642.8571428573
101401,0.03334444814938313,3855857.1428571427
101501,0.03332111559094998,3858557.142857143
101601,0.033297815663292485,3861257.142857143
101701,0.033276762836511264,3863700.0
101801,0.03324910227423859,3866914.2857142864
101901,0.03322479898996611,3869742.8571428577
102002,0.0332016335203692,3872442.8571428573
102102,0.03318070210365651,3874885.7142857146
102202,0.033158697526361164,3877457.142857143
102302,0.033140016570008285,3879642.8571428573
102402,0.03311696913498477,3882342.8571428573
102502,0.03309614429918915,3884785.714285714
102602,0.033076439652035855,3887100.0
102702,0.03306440946964687,3888514.285714286
102802,0.03305129561078794,3890057.1428571427
102902,0.03304255881575469,3891085.7142857146
103003,0.0330338266384778,3892114.285714286
103103,0.033039283708329203,3891471.428571429
103203,0.033034917908228996,3891985.714285715
103303,0.03290556103981573,3907285.714285715
103403,0.0330338266384778,3892114.285714286
103503,0.031773265974009465,4046528.5714285714
103603,0.033043650662525195,3890957.1428571427
103703,0.03305457310018841,3889671.428571429
103803,0.03308191081116845,3886457.1428571427
103903,0.03311696913498477,3882342.8571428573
104004,0.030518509475997192,4212900.0
104104,0.033232527998404836,3868842.8571428577
104204,0.033310016321908,3859842.8571428573
104304,0.030518509475997192,4212900.0
104404,0.030518509475997192,4212900.0
104504,0.033243575679000034,3867557.1428571427
104604,0.030518509475997192,4212900.0
104704,0.030518509475997192,4212900.0
104804,0.031043367584515567,4141671.4285714286
104904,0.030518509475997192,4212900.0
105005,0.030518509475997192,4212900.0
105105,0.030518509475997192,4212900.0
105205,0.030518509475997192,4212900.0
105305,0.03065885887727259,4193614.285714286
105405,0.03250869607620038,3954985.7142857146
105505,0.030518509475997192,4212900.0
105605,0.030518509475997192,4212900.0
105705,0.031217806636905692,4118528.5714285714
105805,0.030518509475997192,4212900.0
105905,0.030518509475997192,4212900.0
106006,0.030518509475997192,4212900.0
106106,0.030518509475997192,4212900.0
106206,0.03425244048638466,3753642.8571428577
106306,0.030518509475997192,4212900.0
106406,0.030518509475997192,4212900.0
106506,0.030518509475997192,4212900.0
106606,0.030518509475997192,4212900.0
106706,0.030613806826878923,4199785.714285715
106806,0.030518509475997192,4212900.0
106906,0.03304255881575469,3891085.7142857146
107007,0.030518509475997192,4212900.0
107107,0.030518509475997192,4212900.0
107207,0.03126465530717524,4112357.1428571427
107307,0.030518509475997192,4212900.0
107407,0.030518509475997192,4212900.0
107507,0.030518509475997192,4212900.0
107607,0.030518509475997192,4212900.0
107707,0.030518509475997192,4212900.0
107807,0.030518509475997192,4212900.0
107907,0.031125498007968128,4130742.8571428577
108008,0.030518509475997192,4212900.0
108108,0.030518509475997192,4212900.0
108208,0.030518509475997192,4212900.0
108308,0.030546476463939886,4209042.857142857
108408,0.03309833515374177,3884528.5714285714
108508,0.030518509475997192,4212900.0
108608,0.03211716341212744,4003200.0
108708,0.03338117969089028,3851614.285714286
108808,0.03160855959793912,4067614.2857142864
108908,0.03138633439000659,4096414.285714286
109009,0.03056888698682481,4205957.142857144
109109,0.03325794864972728,3865885.714285714
109209,0.030518509475997192,4212900.0
109309,0.030518509475997192,4212900.0
109409,0.03331667499583542,3859071.4285714286
109509,0.030518509475997192,4212900.0
109609,0.030518509475997192,4212900.0
109709,0.030518509475997192,4212900.0
109809,0.030518509475997192,4212900.0
109909,0.03326016097917914,3865628.5714285714
110010,0.033254630707326,3866271.4285714286
110110,0.03325352487363661,3866399.9999999995
110210,0.030625057421982665,4198242.857142858
110310,0.033225902913911684,3869614.285714286
110410,0.033254630707326,3866271.4285714286
110510,0.03325131342688036,3866657.142857143
110610,0.03324910227423859,3866914.2857142864
110710,0.030828041186263026,4170600.0000000005
110810,0.030773018217626784,4178057.142857143
110910,0.03299350028044475,3896871.4285714286
111011,0.03205436420168606,4011042.8571428573
111111,0.030842303303210684,4168671.428571429
111211,0.03321817698644698,3870514.285714286
111311,0.033221487658217336,3870128.5714285714
111411,0.03261046796021523,3942642.857142858
111511,0.03322479898996611,3869742.8571428577
111611,0.0332236951393734,3869871.4285714286
111711,0.031492095484033505,4082657.1428571427
111811,0.0332236951393734,3869871.4285714286
111911,0.03322479898996611,3869742.8571428577
112012,0.03295110056675893,3901885.7142857146
112112,0.03322811098189068,3869357.142857143
112212,0.03268935307770259,3933128.5714285714
112312,0.03321266066624597,3871157.1428571427
112412,0.03322479898996611,3869742.8571428577
112512,0.033229215125938724,3869228.5714285714
112612,0.032326889506691665,3977228.571428572
112712,0.03323031934336889,3869100.0000000005
112812,0.03323142363418849,3868971.4285714296
112912,0.03323363243602526,3868714.285714286
113013,0.03324136555529701,3867814.2857142864
113113,0.03324468085106383,3867428.571428572
113213,0.03297391763115376,3899185.714285715
113313,0.03326016097917914,3865628.5714285714
113413,0.03252878797735996,3952542.8571428577
113513,0.03295978905735003,3900857.142857143
113613,0.03316969616558312,3876171.428571429
113713,0.03326790645064706,3864728.5714285714
113813,0.03327122704285334,3864342.8571428573
113913,0.03327122704285334,3864342.8571428573
114014,0.0332723340542339,3864214.2857142864
114114,0.03328119279794988,3863185.7142857146
114214,0.03327897766980598,3863442.8571428573
114314,0.033285623939020736,3862671.4285714286
114414,0.03328783995206551,3862414.285714286
114514,0.0332944897619444,3861642.8571428577
114614,0.0333022512321833,3860742.8571428573
114714,0.03330557868442964,3860357.1428571427
114814,0.03331223558413005,3859585.7142857146
114914,0.033318895145436976,3858814.285714286
115015,0.033323336332433603,3858299.9999999995
115115,0.033332222259258026,3857271.428571429
115215,0.033336667000033335,3856757.1428571427
115315,0.033347784039750555,3855471.428571429
115415,0.03335334534053765,3854828.5714285714
115515,0.033362247280976844,3853800.0000000005
115615,0.033318895145436976,3858814.285714286
115715,0.033374495210759934,3852385.7142857146
115815,0.03338563749874804,3851099.9999999995
115915,0.033386752136752136,3850971.4285714286
116016,0.033386752136752136,3850971.4285714286
116116,0.033310016321908,3859842.8571428573
116216,0.03341129301703976,3848142.8571428577
116316,0.03342245989304813,3846857.142857143
116416,0.0334235769912096,3846728.5714285714
116516,0.033444816053511704,3844285.7142857146
116616,0.03339455668725998,3850071.4285714296
116716,0.033451528734863185,3843514.285714286
116816,0.033463842318374994,3842100.0
116916,0.033468322233006456,3841585.7142857146
117017,0.03343810606567244,3845057.1428571427
117117,0.03347728566167855,3840557.1428571437
117217,0.03348625389277701,3839528.5714285714
117317,0.033498593059091517,3838114.2857142864
117417,0.03350308228357009,3837600.0
117517,0.03351431061063074,3836314.285714286
117617,0.03352329869259135,3835285.714285715
117717,0.03353903944191038,3833485.7142857146
117817,0.03355479498020267,3831685.714285715
117917,0.033569438383295847,3830014.2857142864
118018,0.03358071123946405,3828728.5714285714
118118,0.03359312012899758,3827314.285714286
118218,0.033606667562844465,3825771.428571429
118318,0.03361457527984134,3824871.4285714286
118418,0.033621356285512556,3824100.0000000005
118518,0.03363266404331887,3822814.2857142864
118618,0.0336417157275021,3821785.7142857146
118718,0.0336439794098846,3821528.571428572
118818,0.033654169751632226,3820371.4285714296
118918,0.03365870077415012,3819857.142857143
119019,0.03366209984178813,3819471.428571429
119119,0.03367116737937304,3818442.8571428573
119219,0.033674568965517244,3818057.1428571427
119319,0.033679105482958376,3817542.8571428577
119419,0.03368364322285099,3817028.5714285714
119519,0.03369499292405149,3815742.8571428573
119619,0.033712031824158044,3813814.285714286
119719,0.03372567535664902,3812271.428571429
119819,0.03373477718179672,3811242.8571428573
119919,0.03374730021598272,3809828.5714285714
120020,0.03375299557835758,3809185.714285715
120120,0.03376325207644,3808028.5714285714
120220,0.0337689528247729,3807385.7142857146
120320,0.03377807802736024,3806357.142857143
120420,0.033783783783783786,3805714.285714286
120520,0.0337963432356619,3804300.0
120620,0.03380662609871535,3803142.8571428573
120720,0.03381005511038983,3802757.142857143
120820,0.033814628208162854,3802242.8571428577
120920,0.03381577167590964,3802114.285714286
121021,0.03381005511038983,3802757.142857143
121121,0.03380548324938305,3803271.428571429
121221,0.03380091262464086,3803785.7142857146
121321,0.033798627775712305,3804042.8571428573
121421,0.0337963432356619,3804300.0
121521,0.0337997701615629,3803914.2857142864
121621,0.03381005511038983,3802757.142857143
121721,0.03380319778251022,3803528.571428572
121821,0.03380776902532202,3803014.2857142864
121921,0.0338123415046492,3802500.0
122022,0.033821490174857104,3801471.4285714296
122122,0.033830643797151456,3800442.8571428573
122222,0.03383865728207905,3799542.8571428573
122322,0.033846674564224064,3798642.8571428577
122422,0.03386501405398083,3796585.7142857146
122522,0.0338810774182619,3794785.714285714
122622,0.03389256058295204,3793500.0000000005
122722,0.03390405153415833,3792214.2857142864
122822,0.03391670058336725,3790799.9999999995
122922,0.033927056827820185,3789642.8571428577
123023,0.033933964505073126,3788871.428571429
123123,0.03394433129667346,3787714.2857142864
123223,0.033952398736970764,3786814.285714286
123323,0.033961623365596876,3785785.714285715
123423,0.033970853008119035,3784757.1428571427
123523,0.03397893306150187,3783857.142857143
123623,0.03399279352777211,3782314.285714286
123723,0.033997416196369076,3781800.0
123823,0.03401244855617156,3780128.571428572
123923,0.034027494215325985,3778457.142857143
124024,0.03403791824092039,3777300.0
124124,0.03404834865509023,3776142.8571428577
124224,0.034063426099397075,3774471.428571429
124324,0.03407619437061269,3773057.1428571427
124424,0.0340901343151292,3771514.285714286
124524,0.03410757529247246,3769585.7142857146
124624,0.03412503412503413,3767657.142857143
124724,0.034139014065273796,3766114.2857142864
124824,0.034158838599487616,3763928.5714285714
124924,0.03417751802864076,3761871.428571429
125025,0.03419504855696895,3759942.8571428577
125125,0.034209085933223866,3758400.0
125225,0.034233679093492175,3755700.0000000005
125325,0.03424188467333242,3754800.0
125425,0.03425009418775902,3753900.0
125525,0.03426769926667123,3751971.428571429
125625,0.03427944604415192,3750685.7142857146
125725,0.03429120087785474,3749400.0
125825,0.03430531732418525,3747857.142857143
125925,0.03431708991077557,3746571.428571429
126026,0.0343335851129575,3744771.428571429
126126,0.034348916291691,3743100.0
126226,0.034363080306518676,3741557.1428571427
126326,0.034366623135610695,3741171.428571429
126426,0.034376074252320386,3740142.8571428573
126526,0.03438553056873667,3739114.2857142864
126626,0.03440090818397606,3737442.8571428577
126726,0.03440919413667332,3736542.8571428573
126826,0.03441866868589523,3735514.285714286
126926,0.03443526170798898,3733714.285714286
127027,0.03444593710171885,3732557.1428571427
127127,0.034456619116532285,3731400.0
127227,0.034463744141163495,3730628.5714285714
127327,0.03447443720481263,3729471.428571429
127427,0.034498223341497915,3726900.0
127527,0.034505365584348364,3726128.5714285714
127627,0.03451370193967005,3725228.571428572
127727,0.03452204232402389,3724328.5714285714
127827,0.034530386740331494,3723428.571428572
127927,0.034531579129113574,3723300.0
128028,0.03453754230848933,3722657.142857143
128128,0.03454231433506045,3722142.8571428577
128228,0.03454828122300915,3721500.0
128328,0.034551862345380414,3721114.285714286
128428,0.03456141563558443,3720085.7142857146
128528,0.034570974210053236,3719057.1428571427
128628,0.03457575548025724,3718542.8571428577
128728,0.034585321989347724,3717514.285714286
128828,0.034592500345925,3716742.8571428577
128928,0.034598484586375114,3716100.0
129029,0.03460806367883717,3715071.428571429
129129,0.03462004500605851,3713785.7142857146
129229,0.03463323405139572,3712371.428571429
129329,0.03465363689919257,3710185.7142857146
129429,0.034659642312491336,3709542.8571428577
129529,0.034678873630184494,3707485.7142857146
129629,0.03469331112961421,3705942.8571428573
129729,0.03471257983893363,3703885.7142857146
129829,0.03472945752587345,3702085.7142857146
129929,0.03475359699728922,3699514.2857142864
130030,0.034775351231047434,3697200.0
130130,0.03479350057409276,3695271.428571429
130230,0.03367116737937304,3818442.8571428573
130330,0.03482985615269409,3691414.2857142864
130430,0.03484320557491289,3690000.0
130530,0.03485778025655326,3688457.142857143
130630,0.034860210555671754,3688200.0
130730,0.03486871927194114,3687300.0
130830,0.03487844860660598,3686271.4285714286
130930,0.034888183372291805,3685242.8571428573
131031,0.034888183372291805,3685242.8571428573
131131,0.03489914148111956,3684085.7142857146
131231,0.034908887802834604,3683057.142857143
131331,0.034923517496682266,3681514.285714286
131431,0.034932057148845494,3680614.2857142864
131531,0.034944263899080966,3679328.5714285714
131631,0.03495525727069351,3678171.4285714286
131731,0.034958923265163436,3677785.7142857146
131831,0.034958923265163436,3677785.7142857146
131931,0.03497481813094572,3676114.285714286
132032,0.0349870547897278,3674828.571428572
132132,0.03500175008750438,3673285.7142857146
132232,0.0350103280467738,3672385.7142857146
132332,0.03502626970227671,3670714.2857142864
132432,0.03503977013910789,3669300.0
132532,0.0350495951771757,3668271.428571428
132632,0.0350594257266066,3667242.8571428577
132732,0.03507172167081682,3665957.142857143
132832,0.03508156463778284,3664928.571428572
132932,0.035096339451795175,3663385.7142857146
133033,0.03510866130674437,3662100.0
133133,0.0351172917544599,3661200.0
133233,0.03512345895823821,3660557.1428571427
133333,0.035137034434293744,3659142.8571428573
133433,0.035143208574942894,3658500.0
133533,0.03515556336790297,3657214.285714286
133633,0.035165453458522344,3656185.7142857146
133733,0.03518401238477236,3654257.142857143
133833,0.035193918490884775,3653228.5714285714
133933,0.03520259091069103,3652328.5714285714
134034,0.035211267605633804,3651428.5714285714
134134,0.035231116121758735,3649371.428571428
134234,0.03523856508562971,3648600.0
134334,0.03524974443935282,3647442.8571428573
134434,0.03526714865103157,3645642.8571428573
134534,0.03527461286112385,3644871.4285714286
134634,0.035287060235011825,3643585.7142857146
134734,0.03529827038475115,3642428.571428572
134834,0.03530948765933406,3641271.4285714286
134934,0.035321959662322065,3639985.7142857146
135035,0.035336937700978836,3638442.8571428573
135135,0.03534817956875221,3637285.7142857146
135235,0.03536192934686516,3635871.428571428
135335,0.0353694337353659,3635100.0
135435,0.035380696292103025,3633942.8571428577
135535,0.03539572419651706,3632400.0
135635,0.035409510994653164,3630985.7142857146
135735,0.03542456339225619,3629442.8571428577
135835,0.035428328491461776,3629057.142857143
135935,0.03544339689515843,3627514.2857142864
136036,0.03545470661230278,3626357.142857143
136136,0.03546602354943964,3625200.0
136236,0.03547483060768385,3624300.0
136336,0.035483642041019094,3623400.0
136436,0.035497497426431435,3621985.7142857146
136536,0.035510102624196585,3620700.0
136636,0.03552019322985117,3619671.4285714286
136736,0.03553155201819216,3618514.285714286
136836,0.035545444851242315,3617100.0
136936,0.03556061306496924,3615557.1428571427
137037,0.03557959154628905,3613628.5714285714
137137,0.03559859029582429,3611700.0
137237,0.03561634077714856,3609900.0
137337,0.03562776115148924,3608742.8571428577
137437,0.035650623885918005,3606428.571428572
137537,0.035665882017262285,3604885.7142857146
137637,0.03567988011560281,3603471.4285714286
137737,0.0356938892061679,3602057.1428571427
137837,0.03571301024963394,3600128.5714285714
137937,0.0357347055460263,3597942.8571428577
138038,0.035753870356466086,3596014.285714286
138138,0.035775615340583856,3593828.5714285714
138238,0.035559348552734515,3615685.7142857146
138338,0.03581020590868397,3590357.142857143
138438,0.0356531660011409,3606171.428571428
138538,0.035453449620648086,3626485.7142857146
138638,0.03576282097131822,3595114.285714286
138738,0.0358487184083169,3586500.0
138838,0.03535817834665158,3636257.1428571427
138938,0.035873152532644566,3584057.142857143
139039,0.035884738220834676,3582900.0
139139,0.03566461000748957,3605014.2857142864
139239,0.03589246617135063,3582128.571428572
139339,0.034366623135610695,3741171.428571429
139439,0.03314880498558027,3878614.2857142864
139539,0.03567224342738915,3604242.8571428573
139639,0.03596863534997482,3574542.8571428577
139739,0.0331619963521804,3877071.4285714296
139839,0.03383293297695977,3800185.7142857146
139939,0.03294784356363876,3902271.428571429
140040,0.03315539935678525,3877842.8571428577
140140,0.03603343903142116,3568114.285714286
140240,0.03268828451882845,3933257.142857143
140340,0.03530200868429414,3642042.8571428573
140440,0.03606332720256771,3565157.142857143
140540,0.03237503237503238,3971314.285714286
140640,0.03491863956980236,3682028.571428572
140740,0.036104993320576234,3561042.8571428573
140840,0.036115424897973925,3560014.285714286
140940,0.036136306146785674,3557957.142857143
141041,0.03273322422258593,3927857.1428571427
141141,0.031963178418461934,4022485.7142857146
141241,0.03288500115097504,3909728.571428571
141341,0.03356493135971537,3830528.571428571
141441,0.036216137911053166,3550114.2857142864
141541,0.03186235462800701,4035214.285714286
141641,0.032161579776798635,3997671.4285714296
141741,0.03466204506065858,3709285.7142857146
141841,0.034419853371424634,3735385.7142857146
141941,0.0318989441449488,4030585.7142857146
142042,0.03231226573607341,3979028.5714285714
142142,0.033407944409180504,3848528.571428572
142242,0.03240440699935191,3967714.285714286
142342,0.03225182222795588,3986485.714285715
142442,0.032005120819331094,4017214.285714286
142542,0.03372681281618887,3812142.8571428577
142642,0.03202767190852897,4014385.7142857146
142742,0.031873525849429464,4033800.0
142842,0.03329227286346839,3861899.9999999995
142942,0.033621356285512556,3824100.0000000005
143043,0.03645377661125693,3526971.428571428
143143,0.03179043743641913,4044342.8571428577
143243,0.033650772285223944,3820757.142857143
143343,0.03185119123455217,4036628.571428572
143443,0.03220093382708099,3992785.7142857146
143543,0.03294241665568586,3902914.285714286
143643,0.03656173448868414,3516557.142857143
143743,0.03158759239370775,4070314.285714286
143843,0.0314346787375833,4090114.2857142864
143943,0.032768620768751845,3923614.2857142864
144044,0.03664614482556435,3508457.142857143
144144,0.03242121644404098,3965657.1428571427
144244,0.03199692829488369,4018242.8571428573
144344,0.03295435821387378,3901500.0
144444,0.03147128245476003,4085357.142857143
144544,0.031718844165318616,4053471.428571429
144644,0.031210012171904746,4119557.142857143
144744,0.03109452736318408,4134857.1428571437
144844,0.031255860473838847,4113514.2857142864
144944,0.03153778226315126,4076742.8571428577
145045,0.036790405062359734,3494700.0
145145,0.032259105132423624,3985585.7142857146
145245,0.032769694586446456,3923485.7142857146
145345,0.03683648285261723,3490328.5714285714
145445,0.031601567437744914,4068514.285714286
145545,0.03140999466030091,4093328.571428572
145645,0.03142776328608693,4091014.2857142864
145745,0.032649862870575946,3937885.714285714
145845,0.031098395322801342,4134342.8571428577
145945,0.03693307726399764,3481200.0
146046,0.031090660365626167,4135371.428571429
146146,0.03101352189554646,4145657.142857143
146246,0.03698635203609868,3476185.7142857146
146346,0.031005829095870022,4146685.7142857146
146446,0.03118470701967755,4122899.9999999995
146546,0.031053007483774802,4140385.7142857146
146646,0.037064492216456635,3468857.142857143
146746,0.031118717908822157,4131642.8571428573
146846,0.037096116036650965,3465900.0
146946,0.037111259556149336,3464485.7142857146
147047,0.037125037125037126,3463200.0
147147,0.03090903471084598,4159671.4285714296
147247,0.03178336458697518,4045242.8571428573
147347,0.03189996172004594,4030457.1428571427
147447,0.032237266279819474,3988285.7142857146
147547,0.03721484127870195,3454842.8571428577
147647,0.03351431061063074,3836314.285714286
147747,0.03725088470851183,3451500.0
147847,0.030887076847047196,4162628.571428571
147947,0.03729951510630362,3447000.0
148048,0.03622007316454779,3549728.5714285714
148148,0.03075503613716746,4180500.0
148248,0.031868447050575226,4034442.8571428573
148348,0.031545741324921134,4075714.2857142864
148448,0.03490645071209159,3683314.285714286
148548,0.03487236713628121,3686914.285714286
148648,0.030784386159339983,4176514.2857142864
148748,0.0314821810855056,4083942.8571428577
148848,0.03112452924149522,4130871.4285714286
148948,0.03749390724007349,3429128.571428572
149049,0.031053007483774802,4140385.7142857146
149149,0.030794814153296584,4175099.9999999995
149249,0.030923371884470283,4157742.8571428573
149349,0.0318989441449488,4030585.7142857146
149449,0.030901393652853743,4160699.9999999995
149549,0.037635015618531484,3416271.4285714286
149649,0.030828991583685298,4170471.428571429
149749,0.031377470975839344,4097571.428571429
149849,0.031017369727047148,4145142.8571428577
149949,0.030860387606468337,4166228.571428572
150050,0.03777290926947194,3403800.0
150150,0.031042403923759856,4141799.9999999995
150250,0.03156964263164541,4072628.5714285714
150350,0.037854411931710644,3396471.428571428
150450,0.031048186785891704,4141028.5714285714
150550,0.0379204429107732,3390557.142857143
150650,0.03134206732276061,4102200.0
150750,0.030806198207079263,4173557.1428571427
150850,0.030780595912336863,4177028.571428572
150950,0.03230391523452642,3980057.142857143
151051,0.030614744060739652,4199657.142857143
151151,0.030518509475997192,4212900.0
151251,0.030561413159744505,4206985.714285715
151351,0.030569821472242603,4205828.571428572
151451,0.030726686126901215,4184357.1428571427
151551,0.030534351145038167,4210714.285714286
151651,0.031204168876961962,4120328.571428572
151751,0.03084040092521203,4168928.571428572
151851,0.03059507419305492,4202357.142857144
151951,0.03075125311356438,4181014.2857142864
152052,0.030518509475997192,4212900.0
152152,0.030518509475997192,4212900.0
152252,0.030704986489805946,4187314.285714286
152352,0.031001023033760115,4147328.571428572
152452,0.030581974983944462,4204157.142857143
152552,0.030635377734207464,4196828.571428571
152652,0.030721966205837174,4185000.0
152752,0.030518509475997192,4212900.0
152852,0.030518509475997192,4212900.0
152952,0.03062693332516615,4197985.714285715
153053,0.03094921234254588,4154271.428571429
153153,0.030518509475997192,4212900.0
153253,0.030518509475997192,4212900.0
153353,0.030518509475997192,4212900.0
153453,0.030518509475997192,4212900.0
153553,0.030518509475997192,4212900.0
153653,0.030518509475997192,4212900.0
153753,0.030518509475997192,4212900.0
153853,0.030563281273877564,4206728.571428572
153953,0.030518509475997192,4212900.0
154054,0.030518509475997192,4212900.0
154154,0.030518509475997192,4212900.0
154254,0.030518509475997192,4212900.0
154354,0.030778701138811943,4177285.7142857146
154454,0.03165358318561661,4061828.5714285714
154554,0.030518509475997192,4212900.0
154654,0.030518509475997192,4212900.0
154754,0.030518509475997192,4212900.0
154854,0.030738019856760827,4182814.285714286
154954,0.030518509475997192,4212900.0
155055,0.030518509475997192,4212900.0
155155,0.030518509475997192,4212900.0
155255,0.03417518198284406,3762128.571428572
155355,0.030518509475997192,4212900.0
155455,0.030518509475997192,4212900.0
155555,0.030518509475997192,4212900.0
155655,0.030518509475997192,4212900.0
155755,0.030518509475997192,4212900.0
155855,0.030518509475997192,4212900.0
155955,0.030518509475997192,4212900.0
156056,0.03068143466388488,4190528.5714285714
156156,0.03127834600106346,4110557.142857143
156256,0.030518509475997192,4212900.0
156356,0.030518509475997192,4212900.0
156456,0.030518509475997192,4212900.0
156556,0.030518509475997192,4212900.0
156656,0.030518509475997192,4212900.0
156756,0.030518509475997192,4212900.0
156856,0.030518509475997192,4212900.0
156956,0.030518509475997192,4212900.0
157057,0.030518509475997192,4212900.0
157157,0.030518509475997192,4212900.0
157257,0.030518509475997192,4212900.0
157357,0.030518509475997192,4212900.0
157457,0.030518509475997192,4212900.0
157557,0.030518509475997192,4212900.0
157657,0.030518509475997192,4212900.0
157757,0.030518509475997192,4212900.0
157857,0.030518509475997192,4212900.0
157957,0.030518509475997192,4212900.0
158058,0.030518509475997192,4212900.0
158158,0.030518509475997192,4212900.0
158258,0.030518509475997192,4212900.0
158358,0.030518509475997192,4212900.0
158458,0.030518509475997192,4212900.0
158558,0.030518509475997192,4212900.0
158658,0.030518509475997192,4212900.0
158758,0.030518509475997192,4212900.0
158858,0.030518509475997192,4212900.0
158958,0.030518509475997192,4212900.0
159059,0.030518509475997192,4212900.0
159159,0.030518509475997192,4212900.0
159259,0.030518509475997192,4212900.0
159359,0.030518509475997192,4212900.0
159459,0.030518509475997192,4212900.0
159559,0.030518509475997192,4212900.0
159659,0.030518509475997192,4212900.0
159759,0.030518509475997192,4212900.0
159859,0.030518509475997192,4212900.0
159959,0.030518509475997192,4212900.0
160060,0.030518509475997192,4212900.0
160160,0.030518509475997192,4212900.0
160260,0.030518509475997192,4212900.0
160360,0.030518509475997192,4212900.0
160460,0.030518509475997192,4212900.0
160560,0.030518509475997192,4212900.0
160660,0.030537148441078573,4210328.571428572
160760,0.030518509475997192,4212900.0
160860,0.030518509475997192,4212900.0
160960,0.030518509475997192,4212900.0
161061,0.030518509475997192,4212900.0
161161,0.030518509475997192,4212900.0
161261,0.030518509475997192,4212900.0
161361,0.030518509475997192,4212900.0
161461,0.030518509475997192,4212900.0
161561,0.030518509475997192,4212900.0
161661,0.030518509475997192,4212900.0
161761,0.030518509475997192,4212900.0
161861,0.03053341882690605,4210842.857142857
161961,0.03059507419305492,4202357.142857144
162062,0.030518509475997192,4212900.0
162162,0.030518509475997192,4212900.0
162262,0.030518509475997192,4212900.0
162362,0.030518509475997192,4212900.0
162462,0.030518509475997192,4212900.0
162562,0.030518509475997192,4212900.0
162662,0.030518509475997192,4212900.0
162762,0.030518509475997192,4212900.0
162862,0.030518509475997192,4212900.0
162962,0.030518509475997192,4212900.0
163063,0.030518509475997192,4212900.0
163163,0.030680493342332946,4190657.142857143
163263,0.030518509475997192,4212900.0
163363,0.030518509475997192,4212900.0
163463,0.030596010280259454,4202228.571428572
163563,0.030518509475997192,4212900.0
163663,0.030679552078539653,4190785.714285714
163763,0.030578234412745008,4204671.428571429
163863,0.030704986489805946,4187314.285714286
163963,0.030721022395625325,4185128.571428572
164064,0.030518509475997192,4212900.0
164164,0.030549275982159223,4208657.142857143
164264,0.030518509475997192,4212900.0
164364,0.030518509475997192,4212900.0
164464,0.030682376043200784,4190399.9999999995
164564,0.030518509475997192,4212900.0
164664,0.030910945565824858,4159414.285714286
164764,0.030554876558298704,4207885.714285715
164864,0.03072857450142888,4184100.0
164964,0.030520372348542654,4212642.857142857
165065,0.0307919694543663,4175485.714285714
165165,0.0308413520848754,4168800.0
165265,0.030650401520259916,4194771.428571429
165365,0.030558611416697225,4207371.428571429
165465,0.03140506249607437,4093971.428571429
165565,0.030821390044691015,4171499.9999999995
165665,0.030776806598547334,4177542.8571428573
165765,0.03081284279287607,4172657.1428571427
165865,0.031261723146179816,4112742.8571428573
165965,0.031480198954857395,4084200.0000000005
166066,0.03173494970010472,4051414.285714286
166166,0.03124316555753429,4115185.714285714
166266,0.030925284512617515,4157485.7142857146
166366,0.030910945565824858,4159414.285714286
166466,0.031042403923759856,4141799.9999999995
166566,0.031196381219778507,4121357.1428571427
166666,0.0337963432356619,3804300.0
166766,0.03300874731803928,3895071.428571429
166866,0.03170275496940684,4055528.571428572
166966,0.030990454939878516,4148742.8571428577
167067,0.03130576339104029,4106957.142857143
167167,0.03129498654315579,4108371.428571429
167267,0.030857530780386954,4166614.285714286
167367,0.03583715596330275,3587657.142857143
167467,0.03130576339104029,4106957.142857143
167567,0.033727950352457084,3812014.285714286
167667,0.03135385966012416,4100657.142857143
167767,0.03126465530717524,4112357.1428571427
167867,0.032837487275473684,3915385.714285714
167967,0.03272786777941417,3928500.0
168068,0.031080997078386276,4136657.142857143
168168,0.03112065477857654,4131385.7142857146
168268,0.033468322233006456,3841585.7142857146
168368,0.03187962254526906,4033028.571428572
168468,0.03543586109142452,3628285.7142857146
168568,0.03139520281301017,4095257.142857143
168668,0.03203280158882696,4013742.8571428577
168768,0.03399972800217598,3781542.8571428573
168868,0.03659384491528525,3513471.428571428
168968,0.03222376180195276,3989957.142857143
169069,0.032458047972994904,3961157.142857143
169169,0.03275466754012447,3925285.7142857146
169269,0.031896909189499535,4030842.8571428573
169369,0.03248968452516326,3957300.0
169469,0.032123353678123995,4002428.5714285714
169569,0.04503490204908804,2854928.5714285714
169669,0.03887722572117254,3307114.2857142864
169769,0.03201536737634064,4015928.5714285714
169869,0.03180054696940787,4043057.142857143
169969,0.03356718472021752,3830271.428571429
170070,0.032231032037645845,3989057.1428571427
170170,0.03222480020623872,3989828.5714285714
170270,0.04260213862735909,3017957.142857143
170370,0.034888183372291805,3685242.8571428573
170470,0.043838498969795275,2932842.8571428573
170570,0.03214917215881691,3999214.2857142864
170670,0.045599635202918376,2819571.4285714286
170770,0.03304474258145529,3890828.571428572
170870,0.032062586168200326,4010014.285714286
170970,0.045708017186214464,2812885.7142857146
171071,0.039912193175014966,3221357.1428571427
171171,0.03365870077415012,3819857.142857143
171271,0.03299132328197684,3897128.571428572
171371,0.03609065973726,3562457.1428571427
171471,0.03388796638313735,3794014.285714286
171571,0.03346496218459273,3841971.428571429
171671,0.04595165885488466,2797971.4285714286
171771,0.04602356406480118,2793600.0000000005
171871,0.03264133698916308,3938914.2857142864
171971,0.04553734061930783,2823428.571428572
172072,0.04561003420752566,2818928.5714285714
172172,0.03421610894409088,3757628.571428572
172272,0.04587576841912102,2802600.0
172372,0.044300713241483186,2902242.8571428573
172472,0.03905334687182692,3292200.0
172572,0.04417741650468281,2910342.8571428573
172672,0.0351160585735857,3661328.571428572
172772,0.03441866868589523,3735514.285714286
172872,0.034456619116532285,3731400.0
172972,0.03636363636363636,3535714.285714286
173073,0.04604687571948243,2792185.7142857146
173173,0.045265254390729676,2840400.0
173273,0.0390960982093987,3288600.0
173373,0.036840554081933395,3489942.8571428577
173473,0.04540295119182747,2831785.7142857146
173573,0.04579383614965426,2807614.2857142854
173673,0.045685047284023936,2814300.0000000005
173773,0.046322030757828425,2775600.0000000005
173873,0.037547403597041264,3424242.8571428577
173973,0.03729951510630362,3447000.0
174074,0.039241847506180594,3276385.7142857146
174174,0.04584211973961676,2804657.142857143
174274,0.04623422257154746,2780871.4285714286
174374,0.045435958017174795,2829728.5714285714
174474,0.046176579239009974,2784342.8571428573
174574,0.046208585555196156,2782414.285714286
174674,0.04594321418726454,2798485.7142857146
174774,0.04588629376405268,2801957.142857143
174874,0.04096346059315091,3138685.7142857146
174974,0.04579383614965426,2807614.2857142854
175075,0.04622140050843541,2781642.8571428573
175175,0.046208585555196156,2782414.285714286
175275,0.04614887627486271,2786014.285714286
175375,0.046176579239009974,2784342.8571428573
175475,0.046048996131884325,2792057.142857143
175575,0.0461510060919328,2785885.7142857146
175675,0.04574565416285453,2810571.428571429
175775,0.04178331174528893,3077100.0
175875,0.04611269943742507,2788200.0000000005
175975,0.04610632117663332,2788585.7142857146
176076,0.04577706569008926,2808642.8571428573
176176,0.046093569946992395,2789357.1428571427
176276,0.04608082576839777,2790128.5714285714
176376,0.0457205559619605,2812114.285714286
176476,0.04592844348505029,2799385.7142857146
176576,0.04608719697667988,2789742.8571428573
176676,0.04606384448846101,2791157.1428571427
176776,0.046072333563695,2790642.8571428573
176876,0.045737285034760336,2811085.7142857146
176976,0.04558508456033186,2820471.4285714286
177077,0.04582321404023278,2805814.2857142854
177177,0.046012975659135875,2794242.8571428573
177277,0.045987583352494824,2795785.7142857146
177377,0.045966444495518274,2797071.428571429
177477,0.04595799439312468,2797585.7142857146
177577,0.04553734061930783,2823428.571428572
177677,0.045947436133063776,2798228.5714285714
177777,0.04594532506317482,2798357.1428571427
177877,0.0459094665319989,2800542.8571428573
177977,0.04594532506317482,2798357.1428571427
178078,0.045924225028702644,2799642.8571428573
178178,0.045920007347201176,2799900.0000000005
178278,0.04593055300385817,2799257.142857143
178378,0.045920007347201176,2799900.0000000005
178478,0.04589893055491807,2801185.7142857146
178578,0.045894717518013675,2801442.8571428573
178678,0.04587997797761057,2802342.8571428573
178778,0.0458631443771785,2803371.4285714286
178878,0.04585262964831033,2804014.2857142854
178978,0.045840018336007336,2804785.7142857146
179079,0.04582741395903029,2805557.142857143
179179,0.04580852038479157,2806714.285714286
179279,0.045800128240359075,2807228.5714285714
179379,0.045787545787545784,2808000.0
179479,0.045768685065678064,2809157.142857143
179579,0.045772874994278394,2808900.0000000005
179679,0.04576030750926646,2809671.4285714286
179779,0.04576030750926646,2809671.4285714286
179879,0.04575402635431918,2810057.1428571427
179979,0.04574774692346402,2810442.8571428573
180080,0.045635011180577736,2817385.7142857146
180180,0.045743561593705684,2810700.0000000005
180280,0.04567044208987943,2815200.0000000005
180380,0.0457351932311914,2811214.285714286
180480,0.04572264642677518,2811985.7142857146
180580,0.04569757345884933,2813528.5714285714
180680,0.04567670031516923,2814814.285714286
180780,0.04566001552440528,2815842.8571428573
180880,0.045649593718615905,2816485.7142857146
180980,0.045651677699155443,2816357.142857143
181081,0.045653761869978084,2816228.571428572
181181,0.045637093829864916,2817257.1428571427
181281,0.045647509928333406,2816614.285714286
181381,0.045626682483916596,2817900.0000000005
181481,0.04562043795620438,2818285.7142857146
181581,0.04562460078474313,2818028.571428572
181681,0.04561627588723657,2818542.8571428573
181781,0.04560379423568041,2819314.2857142854
181881,0.045599635202918376,2819571.4285714286
181981,0.045587162654996356,2820342.8571428573
182082,0.04557677407593091,2820985.7142857146
182182,0.04556431402925229,2821757.142857143
182282,0.04554356241745229,2823042.8571428573
182382,0.04553734061930783,2823428.571428572
182482,0.045522829699094096,2824328.5714285714
182582,0.045510399126200335,2825100.0
182682,0.04550211584838695,2825614.285714286
182782,0.04549797534009736,2825871.428571429
182882,0.045491765990355745,2826257.142857143
182982,0.045481420839587026,2826900.0
183083,0.045483489493313926,2826771.4285714286
183183,0.045479352374022196,2827028.5714285714
183283,0.045481420839587026,2826900.0
183383,0.045481420839587026,2826900.0
183483,0.045471080392870136,2827542.8571428573
183583,0.045471080392870136,2827542.8571428573
183683,0.04151961801951422,3096642.8571428573
183783,0.04545041359876375,2828828.5714285714
183883,0.036588489261278404,3513985.7142857146
183983,0.0454297655824096,2830114.285714286
184084,0.04541532313002407,2831014.285714286
184184,0.04540295119182747,2831785.7142857146
184284,0.045386465755911584,2832814.285714286
184384,0.04538234626730202,2833071.428571429
184484,0.04536999228710131,2833842.8571428573
184584,0.045367933944288175,2833971.4285714286
184684,0.04537616843633724,2833457.142857143
184784,0.045374109533100414,2833585.7142857146
184884,0.04535353077237063,2834871.428571429
184984,0.04534324839031468,2835514.285714286
185085,0.04533091568449683,2836285.7142857146
185185,0.04532886088572594,2836414.2857142854
185285,0.045312429199329374,2837442.8571428573
185385,0.045304217822679294,2837957.1428571427
185485,0.04530627038782167,2837828.5714285714
185585,0.045300113250283124,2838214.2857142854
185685,0.045291906336337694,2838728.571428572
185785,0.0452980612429788,2838342.8571428573
185885,0.04528575310207409,2839114.285714286
185985,0.04528985507246377,2838857.142857143
186086,0.045281651874660385,2839371.4285714286
186186,0.04527755139002083,2839628.5714285714
186286,0.04527345164795364,2839885.7142857146
186386,0.04526935264825713,2840142.8571428573
186486,0.04526115687516973,2840657.142857143
186586,0.04525706010137581,2840914.285714286
186686,0.045240680419833514,2841942.8571428573
186786,0.045228403437358664,2842714.285714286
186886,0.045222267444489664,2843100.0000000005
186986,0.04521204448865178,2843742.8571428573
187087,0.04519774011299435,2844642.8571428573
187187,0.04519161243673174,2845028.5714285714
187287,0.04517936206740761,2845800.0
187387,0.0451773209848656,2845928.5714285714
187487,0.04517323937299544,2846185.7142857146
187587,0.04518548642176133,2845414.2857142854
187687,0.04517323937299544,2846185.7142857146
187787,0.045169158498577174,2846442.8571428573
187887,0.045167118337850046,2846571.428571429
187987,0.045169158498577174,2846442.8571428573
188088,0.045156920298035676,2847214.2857142854
188188,0.045156920298035676,2847214.2857142854
188288,0.04514061300952467,2848242.8571428573
188388,0.04512024545413527,2849528.5714285714
188488,0.04510599909788002,2850428.5714285714
188588,0.04512431749469789,2849271.4285714286
188688,0.045128390270319056,2849014.285714286
188788,0.04512431749469789,2849271.4285714286
188888,0.04511617414843221,2849785.7142857146
188988,0.04510803374080924,2850300.0000000005
189089,0.04510193036261952,2850685.7142857146
189189,0.04508566275924256,2851714.285714286
189289,0.04507753335737468,2852228.571428572
189389,0.04506534474988734,2853000.0000000005
189489,0.04505113303599585,2853900.0000000005
189589,0.04504504504504504,2854285.7142857146
189689,0.04503895869927487,2854671.4285714286
189789,0.04503895869927487,2854671.4285714286
189889,0.04503490204908804,2854928.5714285714
189989,0.045030846129598776,2855185.7142857146
190090,0.045030846129598776,2855185.7142857146
190190,0.045030846129598776,2855185.7142857146
190290,0.04502881844380403,2855314.2857142854
190390,0.045030846129598776,2855185.7142857146
190490,0.04502273648192337,2855700.0000000005
190590,0.04501462975467027,2856214.285714286
190690,0.04500855162480871,2856600.0000000005
190790,0.04499640028797696,2857371.4285714286
190890,0.04498627918484862,2858014.285714286
190990,0.044972117287281885,2858914.2857142854
191091,0.04496200710399712,2859557.142857143
191191,0.04495796430337634,2859814.285714286
191291,0.04494988088281566,2860328.5714285714
191391,0.044947860481841066,2860457.142857143
191491,0.044941800368522765,2860842.8571428573
191591,0.0449438202247191,2860714.2857142854
191691,0.044941800368522765,2860842.8571428573
191791,0.04493978069387022,2860971.4285714286
191891,0.04493574188909859,2861228.571428572
191991,0.04493574188909859,2861228.571428572
192092,0.04493776120073698,2861100.0
192192,0.04493372275893058,2861357.142857143
192292,0.0449195939268709,2862257.142857143
192392,0.0449034575662326,2863285.7142857146
192492,0.044897409419476494,2863671.428571429
192592,0.04488934775777708,2864185.7142857146
192692,0.04488330341113106,2864571.4285714286
192792,0.04487323311644604,2865214.285714286
192892,0.04486518013369824,2865728.5714285714
192992,0.04486316733961418,2865857.142857143
193093,0.04485914229319935,2866114.2857142854
193193,0.04485713004081999,2866242.8571428573
193293,0.04485914229319935,2866114.2857142854
193393,0.04485914229319935,2866114.2857142854
193493,0.04486115472612265,2865985.7142857146
193593,0.04485511796896026,2866371.4285714286
193693,0.04485310607759587,2866500.0
193793,0.044847071486231946,2866885.7142857146
193893,0.044849082836256,2866757.1428571427
193993,0.04484103851845209,2867271.428571429
194094,0.044837017441599784,2867528.5714285714
194194,0.04483299708585519,2867785.7142857146
194294,0.04482696790389098,2868171.4285714286
194394,0.04481692287007574,2868814.285714286
194494,0.04481089801039613,2869200.0000000005
194594,0.04479684630202034,2870100.0
194694,0.04478681476173414,2870742.8571428573
194794,0.04473472309206406,2874085.7142857146
194894,0.04477678771324945,2871385.7142857146
194994,0.04477478284230321,2871514.285714286
195095,0.04477478284230321,2871514.285714286
195195,0.044768769306531765,2871900.0000000005
195295,0.044766765153550006,2872028.5714285714
195395,0.04477277815088426,2871642.8571428573
195495,0.04477077363896848,2871771.4285714286
195595,0.04477678771324945,2871385.7142857146
195695,0.04477277815088426,2871642.8571428573
195795,0.04477478284230321,2871514.285714286
195895,0.04477277815088426,2871642.8571428573
195995,0.044762757385854966,2872285.7142857146
196096,0.04473672437704111,2873957.1428571427
196196,0.04473472309206406,2874085.7142857146
196296,0.044738725841088046,2873828.5714285714
196396,0.0447427293064877,2873571.4285714286
196496,0.044738725841088046,2873828.5714285714
196596,0.0447427293064877,2873571.4285714286
196696,0.044740727484228894,2873700.0000000005
196796,0.0447427293064877,2873571.4285714286
196896,0.044740727484228894,2873700.0000000005
196996,0.04473672437704111,2873957.1428571427
197097,0.043301290378453275,2969228.571428572
197197,0.04470072862187654,2876271.4285714286
197297,0.036196474463387265,3552042.8571428577
197397,0.04139586869230451,3105900.0
197497,0.03725643604932752,3450985.7142857146
197597,0.04470072862187654,2876271.4285714286
197697,0.0446907400786557,2876914.285714286
197797,0.03895901511609787,3300171.428571428
197897,0.044682752457551385,2877428.5714285714
197997,0.04467875971763024,2877685.7142857146
198098,0.03925417075564279,3275357.142857143
198198,0.04468075599839149,2877557.1428571427
198298,0.040109096743141344,3205542.8571428577
198398,0.03749531308586427,3429000.0
198498,0.0446907400786557,2876914.285714286
198598,0.04468075599839149,2877557.1428571427
198698,0.037399955120053854,3437742.8571428577
198798,0.03801847697981219,3381814.285714286
198898,0.044674767691208005,2877942.8571428573
198998,0.04460701222232135,2882314.285714286
199099,0.0446508305054474,2879485.7142857146
199199,0.04246104199397053,3027985.7142857146
199299,0.041701417848206836,3083142.8571428577
199399,0.04205568172260073,3057171.428571428
199499,0.04463887152932774,2880257.142857143
199599,0.04463687898942106,2880385.7142857146
199699,0.04463488662738797,2880514.285714286
199799,0.04463488662738797,2880514.285714286
199899,0.04434589800443459,2899285.7142857146
199999,0.04463887152932774,2880257.142857143
